{
    "identity": {
        "version": {
            "@cldrVersion": "23.1",
            "@number": "$Revision: 8663 $"
        },
        "generation": {
            "@date": "$Date: 2013-05-02 15:03:19 -0500 (Thu, 02 May 2013) $"
        },
        "language": "bs"
    },
    "dates": {
        "calendars": {
            "generic": {
                "dateFormats": {
                    "full": "EEEE, dd. MMMM y. G",
                    "long": "dd. MMMM y. G",
                    "medium": "dd.MM.y. G",
                    "short": "dd.MM.yy. GGGGG"
                },
                "dateTimeFormats": {
                    "availableFormats": {
                        "d": "d",
                        "Ed": "E, dd.",
                        "hm": "hh:mm a",
                        "Hm": "HH:mm",
                        "hms": "hh:mm:ss a",
                        "Hms": "HH:mm:ss",
                        "M": "L",
                        "Md": "dd.MM.",
                        "MEd": "E, dd.MM.",
                        "MMM": "LLL",
                        "MMMd": "dd. MMM",
                        "MMMEd": "E, dd. MMM",
                        "ms": "mm:ss",
                        "y": "y.",
                        "yM": "MM.y.",
                        "yMd": "dd.MM.y.",
                        "yMEd": "E, dd.MM.y.",
                        "yMMM": "MMM y.",
                        "yMMMd": "dd. MMM y.",
                        "yMMMEd": "E, dd. MMM y.",
                        "yQQQ": "y QQQ",
                        "yQQQQ": "y QQQQ"
                    }
                }
            },
            "gregorian": {
                "months": {
                    "format": {
                        "abbreviated": {
                            "1": "jan",
                            "2": "feb",
                            "3": "mar",
                            "4": "apr",
                            "5": "maj",
                            "6": "jun",
                            "7": "jul",
                            "8": "avg",
                            "9": "sep",
                            "10": "okt",
                            "11": "nov",
                            "12": "dec"
                        },
                        "wide": {
                            "1": "januar",
                            "2": "februar",
                            "3": "mart",
                            "4": "april",
                            "5": "maj",
                            "6": "juni",
                            "7": "juli",
                            "8": "avgust",
                            "9": "septembar",
                            "10": "oktobar",
                            "11": "novembar",
                            "12": "decembar"
                        }
                    },
                    "stand-alone": {
                        "narrow": {
                            "1": "j",
                            "2": "f",
                            "3": "m",
                            "4": "a",
                            "5": "m",
                            "6": "j",
                            "7": "j",
                            "8": "a",
                            "9": "s",
                            "10": "o",
                            "11": "n",
                            "12": "d"
                        }
                    }
                },
                "days": {
                    "format": {
                        "abbreviated": {
                            "sun": "ned",
                            "mon": "pon",
                            "tue": "uto",
                            "wed": "sri",
                            "thu": "čet",
                            "fri": "pet",
                            "sat": "sub"
                        },
                        "wide": {
                            "sun": "nedjelja",
                            "mon": "ponedjeljak",
                            "tue": "utorak",
                            "wed": "srijeda",
                            "thu": "četvrtak",
                            "fri": "petak",
                            "sat": "subota"
                        }
                    }
                },
                "quarters": {
                    "format": {
                        "abbreviated": {
                            "1": "K1",
                            "2": "K2",
                            "3": "K3",
                            "4": "K4"
                        },
                        "wide": {
                            "1": "Prvi kvartal",
                            "2": "Drugi kvartal",
                            "3": "Treći kvartal",
                            "4": "Četvrti kvartal"
                        }
                    }
                },
                "dayPeriods": {
                    "format": {
                        "wide": {
                            "am": "pre podne",
                            "pm": "popodne"
                        }
                    }
                },
                "eras": {
                    "eraNames": {
                        "0": "Pre nove ere",
                        "1": "Nove ere"
                    },
                    "eraAbbr": {
                        "0": "p. n. e.",
                        "1": "n. e"
                    }
                },
                "dateFormats": {
                    "full": "EEEE, dd. MMMM y.",
                    "long": "dd. MMMM y.",
                    "medium": "dd.MM.y.",
                    "short": "dd.MM.yy."
                },
                "timeFormats": {
                    "full": "HH:mm:ss zzzz",
                    "long": "HH:mm:ss z",
                    "medium": "HH:mm:ss",
                    "short": "HH:mm"
                },
                "dateTimeFormats": {
                    "availableFormats": {
                        "d": "d",
                        "Ed": "E, dd.",
                        "hm": "hh:mm a",
                        "Hm": "HH:mm",
                        "hms": "hh:mm:ss a",
                        "Hms": "HH:mm:ss",
                        "M": "L",
                        "Md": "dd.MM.",
                        "MEd": "E, dd.MM.",
                        "MMM": "LLL",
                        "MMMd": "dd. MMM",
                        "MMMEd": "E, dd. MMM",
                        "ms": "mm:ss",
                        "y": "y.",
                        "yM": "MM.y.",
                        "yMd": "dd.MM.y.",
                        "yMEd": "E, dd.MM.y.",
                        "yMMM": "MMM y.",
                        "yMMMd": "dd. MMM y.",
                        "yMMMEd": "E, dd. MMM y.",
                        "yQQQ": "y QQQ",
                        "yQQQQ": "y QQQQ"
                    }
                }
            },
            "islamic": {
                "months": {
                    "format": {
                        "abbreviated": {
                            "1": "muh.",
                            "2": "saf.",
                            "3": "rab. i",
                            "4": "rab. ii",
                            "5": "džum. i",
                            "6": "džum. ii",
                            "7": "redž.",
                            "8": "ša.",
                            "9": "ram.",
                            "10": "še.",
                            "11": "zul-k.",
                            "12": "zul-h."
                        },
                        "wide": {
                            "1": "muharem",
                            "2": "safer",
                            "3": "rabiʻ i",
                            "4": "rabiʻ ii",
                            "5": "džumade i",
                            "6": "džumade ii",
                            "7": "redžeb",
                            "8": "šaʻban",
                            "9": "ramazan",
                            "10": "ševal",
                            "11": "zul-kade",
                            "12": "zul-hidže"
                        }
                    }
                },
                "eras": {
                    "eraAbbr": {
                        "0": "AH"
                    }
                },
                "dateFormats": {
                    "full": "EEEE, dd. MMMM y. G",
                    "long": "dd. MMMM y. G",
                    "medium": "dd.MM.y. G",
                    "short": "dd.MM.y. G"
                },
                "dateTimeFormats": {
                    "availableFormats": {
                        "d": "d",
                        "Ed": "E, dd.",
                        "hm": "hh:mm a",
                        "Hm": "HH:mm",
                        "hms": "hh:mm:ss a",
                        "Hms": "HH:mm:ss",
                        "M": "L",
                        "Md": "dd.MM.",
                        "MEd": "E, dd.MM.",
                        "MMM": "LLL",
                        "MMMd": "dd. MMM",
                        "MMMEd": "E, dd. MMM",
                        "ms": "mm:ss",
                        "y": "y. G",
                        "yM": "MM.y. G",
                        "yMd": "dd.MM.y. G",
                        "yMEd": "E, dd.MM.y. G",
                        "yMMM": "MMM y. G",
                        "yMMMd": "dd. MMM y. G",
                        "yMMMEd": "E, dd. MMM y. G",
                        "yQQQ": "y G QQQ",
                        "yQQQQ": "y G QQQQ"
                    }
                }
            }
        },
        "timeZoneNames": {
            "zone": {
                "America": {
                    "Adak": {
                        "exemplarCity": "Adak (SAD)"
                    },
                    "Anchorage": {
                        "exemplarCity": "Enkoridž"
                    },
                    "Anguilla": {
                        "exemplarCity": "Angvila"
                    },
                    "Antigua": {
                        "exemplarCity": "Antigva"
                    },
                    "Araguaina": {
                        "exemplarCity": "Aragvajana"
                    },
                    "Argentina": {
                        "Rio_Gallegos": {
                            "exemplarCity": "Rio galegos"
                        },
                        "San_Juan": {
                            "exemplarCity": "San Huan (Argentina)"
                        },
                        "Ushuaia": {
                            "exemplarCity": "Ušuaia"
                        },
                        "Tucuman": {
                            "exemplarCity": "Tukuman"
                        }
                    },
                    "Asuncion": {
                        "exemplarCity": "Asunsion"
                    },
                    "Bahia": {
                        "exemplarCity": "Bahia (Brazil)"
                    },
                    "Blanc-Sablon": {
                        "exemplarCity": "Blanc-Sejblon (kanada)"
                    },
                    "Boise": {
                        "exemplarCity": "Bojzi (SAD)"
                    },
                    "Cambridge_Bay": {
                        "exemplarCity": "Kembridž Bej (Kanada)"
                    },
                    "Campo_Grande": {
                        "exemplarCity": "Kampo Grande"
                    },
                    "Cancun": {
                        "exemplarCity": "Kankun (Meksiko)"
                    },
                    "Caracas": {
                        "exemplarCity": "Karakas"
                    },
                    "Catamarca": {
                        "exemplarCity": "Katamarka (Argentina)"
                    },
                    "Cayenne": {
                        "exemplarCity": "Kajen"
                    },
                    "Cayman": {
                        "exemplarCity": "Kajmanska ostrva"
                    },
                    "Chicago": {
                        "exemplarCity": "Čikago (SAD)"
                    },
                    "Chihuahua": {
                        "exemplarCity": "Čihuahua (Meksiko)"
                    },
                    "Coral_Harbour": {
                        "exemplarCity": "Koral Harbur (Kanada)"
                    },
                    "Cordoba": {
                        "exemplarCity": "Kordoba (Argentina)"
                    },
                    "Costa_Rica": {
                        "exemplarCity": "Kostarika"
                    },
                    "Cuiaba": {
                        "exemplarCity": "Kuiaba"
                    },
                    "Curacao": {
                        "exemplarCity": "Kiraso"
                    },
                    "Danmarkshavn": {
                        "exemplarCity": "Danmarkšavn"
                    },
                    "Dawson": {
                        "exemplarCity": "Doson (Kanada)"
                    },
                    "Dawson_Creek": {
                        "exemplarCity": "Doson Krik (Kanada)"
                    },
                    "Denver": {
                        "exemplarCity": "Denver (SAD)"
                    },
                    "Detroit": {
                        "exemplarCity": "Detroit (SAD)"
                    },
                    "Dominica": {
                        "exemplarCity": "Dominika"
                    },
                    "Edmonton": {
                        "exemplarCity": "Edmonton (Kanada)"
                    },
                    "Eirunepe": {
                        "exemplarCity": "Eirunepe (Brazil)"
                    },
                    "El_Salvador": {
                        "exemplarCity": "Salvador"
                    },
                    "Glace_Bay": {
                        "exemplarCity": "Glejs Bej (Kanada)"
                    },
                    "Godthab": {
                        "exemplarCity": "Nuk"
                    },
                    "Goose_Bay": {
                        "exemplarCity": "Gus Bej (Kanada)"
                    },
                    "Guadeloupe": {
                        "exemplarCity": "Gvadalupe"
                    },
                    "Guatemala": {
                        "exemplarCity": "Gvatemala"
                    },
                    "Guayaquil": {
                        "exemplarCity": "Gvajakil"
                    },
                    "Guyana": {
                        "exemplarCity": "Guana"
                    },
                    "Halifax": {
                        "exemplarCity": "Halifaks (kanada)"
                    },
                    "Hermosillo": {
                        "exemplarCity": "Hermosiljo (Meksiko)"
                    },
                    "Indiana": {
                        "Vincennes": {
                            "exemplarCity": "Vincenis, Indijana"
                        },
                        "Petersburg": {
                            "exemplarCity": "Petesburg (SAD)"
                        },
                        "Tell_City": {
                            "exemplarCity": "Tel Siti (SAD)"
                        },
                        "Knox": {
                            "exemplarCity": "Konks (SAD)"
                        },
                        "Winamac": {
                            "exemplarCity": "Vinamak, Indijana"
                        },
                        "Marengo": {
                            "exemplarCity": "Marengo (SAD)"
                        },
                        "Vevay": {
                            "exemplarCity": "Vevej, Indijana"
                        }
                    },
                    "Indianapolis": {
                        "exemplarCity": "Indianapolis (SAD)"
                    },
                    "Inuvik": {
                        "exemplarCity": "Inuvik (Kanada)"
                    },
                    "Iqaluit": {
                        "exemplarCity": "Ikaluit"
                    },
                    "Jamaica": {
                        "exemplarCity": "Jamajka"
                    },
                    "Jujuy": {
                        "exemplarCity": "Jujui"
                    },
                    "Juneau": {
                        "exemplarCity": "Žano"
                    },
                    "Kentucky": {
                        "Monticello": {
                            "exemplarCity": "Montičelo (SAD)"
                        }
                    },
                    "Los_Angeles": {
                        "exemplarCity": "Los Anđeles (SAD)"
                    },
                    "Louisville": {
                        "exemplarCity": "Luivil (SAD)"
                    },
                    "Maceio": {
                        "exemplarCity": "Masejo"
                    },
                    "Managua": {
                        "exemplarCity": "Managva"
                    },
                    "Martinique": {
                        "exemplarCity": "Martinik"
                    },
                    "Mazatlan": {
                        "exemplarCity": "Mazatlan (Meksiko)"
                    },
                    "Mendoza": {
                        "exemplarCity": "Mendoza (Argentina)"
                    },
                    "Menominee": {
                        "exemplarCity": "Menomine"
                    },
                    "Merida": {
                        "exemplarCity": "Merida (Meksika)"
                    },
                    "Mexico_City": {
                        "exemplarCity": "Meksiko siti (Meksiko)"
                    },
                    "Miquelon": {
                        "exemplarCity": "Mikelon"
                    },
                    "Moncton": {
                        "exemplarCity": "Monkton"
                    },
                    "Monterrey": {
                        "exemplarCity": "Montrej (Meksiko)"
                    },
                    "Montreal": {
                        "exemplarCity": "Montreal (kanada)"
                    },
                    "Montserrat": {
                        "exemplarCity": "Montserat"
                    },
                    "Nassau": {
                        "exemplarCity": "Nasau"
                    },
                    "New_York": {
                        "exemplarCity": "Njujork (SAD)"
                    },
                    "Nome": {
                        "exemplarCity": "Nom"
                    },
                    "Noronha": {
                        "exemplarCity": "Noronja"
                    },
                    "North_Dakota": {
                        "New_Salem": {
                            "exemplarCity": "Novi Salem, Severna Dakota (SAD)"
                        },
                        "Center": {
                            "exemplarCity": "Centar, Severna Dakota (SAD)"
                        }
                    },
                    "Paramaribo": {
                        "exemplarCity": "Paramirbo"
                    },
                    "Phoenix": {
                        "exemplarCity": "Feniks (SAD)"
                    },
                    "Port-au-Prince": {
                        "exemplarCity": "Port-o-Prens"
                    },
                    "Port_of_Spain": {
                        "exemplarCity": "Port of Spejn"
                    },
                    "Porto_Velho": {
                        "exemplarCity": "Porto Veljo"
                    },
                    "Puerto_Rico": {
                        "exemplarCity": "Porto Riko"
                    },
                    "Rainy_River": {
                        "exemplarCity": "Rejni river"
                    },
                    "Recife": {
                        "exemplarCity": "Resife"
                    },
                    "Resolute": {
                        "exemplarCity": "Rezolut"
                    },
                    "Rio_Branco": {
                        "exemplarCity": "Rio Branko"
                    },
                    "Santiago": {
                        "exemplarCity": "Santijago"
                    },
                    "Sao_Paulo": {
                        "exemplarCity": "Sao Paolo"
                    },
                    "Scoresbysund": {
                        "exemplarCity": "Skorezbisund"
                    },
                    "Shiprock": {
                        "exemplarCity": "Šiprok (SAD)"
                    },
                    "St_Johns": {
                        "exemplarCity": "Sv. Džon (Kanada)"
                    },
                    "St_Kitts": {
                        "exemplarCity": "Sent Kits"
                    },
                    "St_Lucia": {
                        "exemplarCity": "Sv. Lucija"
                    },
                    "St_Thomas": {
                        "exemplarCity": "Sv. Toma"
                    },
                    "St_Vincent": {
                        "exemplarCity": "Sent Vinsent"
                    },
                    "Swift_Current": {
                        "exemplarCity": "Svift Kurent"
                    },
                    "Thule": {
                        "exemplarCity": "Tule"
                    },
                    "Thunder_Bay": {
                        "exemplarCity": "Tander Bej"
                    },
                    "Tijuana": {
                        "exemplarCity": "Tihuana (Meksiko)"
                    },
                    "Toronto": {
                        "exemplarCity": "Toronto (Kanada)"
                    },
                    "Vancouver": {
                        "exemplarCity": "Vankuver (kanada)"
                    },
                    "Whitehorse": {
                        "exemplarCity": "Vajthors"
                    },
                    "Winnipeg": {
                        "exemplarCity": "Vinipeg (Kanada)"
                    },
                    "Yakutat": {
                        "exemplarCity": "Jakuta"
                    },
                    "Yellowknife": {
                        "exemplarCity": "Jelonajf"
                    }
                },
                "Atlantic": {
                    "Azores": {
                        "exemplarCity": "Azori"
                    },
                    "Bermuda": {
                        "exemplarCity": "Bermudi"
                    },
                    "Canary": {
                        "exemplarCity": "Kanarska ostrva"
                    },
                    "Cape_Verde": {
                        "exemplarCity": "Kape Verde"
                    },
                    "Faeroe": {
                        "exemplarCity": "Farska Ostrva"
                    },
                    "Reykjavik": {
                        "exemplarCity": "Rejkjavik"
                    },
                    "South_Georgia": {
                        "exemplarCity": "Južna Džordžija"
                    },
                    "St_Helena": {
                        "exemplarCity": "Sveta Jelena"
                    },
                    "Stanley": {
                        "exemplarCity": "Stenli"
                    }
                },
                "Europe": {
                    "Andorra": {
                        "exemplarCity": "Andora"
                    },
                    "Athens": {
                        "exemplarCity": "Atina"
                    },
                    "Brussels": {
                        "exemplarCity": "Brisel"
                    },
                    "Bucharest": {
                        "exemplarCity": "Bukurešt"
                    },
                    "Budapest": {
                        "exemplarCity": "Budimpešta"
                    },
                    "Chisinau": {
                        "exemplarCity": "Kišnjev"
                    },
                    "Copenhagen": {
                        "exemplarCity": "Kopenhagen"
                    },
                    "Dublin": {
                        "exemplarCity": "Dablin"
                    },
                    "Kiev": {
                        "exemplarCity": "Kijev"
                    },
                    "Lisbon": {
                        "exemplarCity": "Lisabon"
                    },
                    "Luxembourg": {
                        "exemplarCity": "Luksemburg"
                    },
                    "Monaco": {
                        "exemplarCity": "Monako"
                    },
                    "Moscow": {
                        "exemplarCity": "Moskva"
                    },
                    "Paris": {
                        "exemplarCity": "Pariz"
                    },
                    "Rome": {
                        "exemplarCity": "Rim"
                    },
                    "Samara": {
                        "exemplarCity": "Samara (Rusija)"
                    },
                    "Sofia": {
                        "exemplarCity": "Sofija"
                    },
                    "Stockholm": {
                        "exemplarCity": "Stokholm"
                    },
                    "Tallinn": {
                        "exemplarCity": "Talin"
                    },
                    "Tirane": {
                        "exemplarCity": "Tirana"
                    },
                    "Uzhgorod": {
                        "exemplarCity": "Užgorod"
                    },
                    "Vaduz": {
                        "exemplarCity": "Vaduc"
                    },
                    "Vienna": {
                        "exemplarCity": "Beč"
                    },
                    "Vilnius": {
                        "exemplarCity": "Viljnus"
                    },
                    "Volgograd": {
                        "exemplarCity": "Volgograd (Rusija)"
                    },
                    "Warsaw": {
                        "exemplarCity": "Varšava"
                    },
                    "Zaporozhye": {
                        "exemplarCity": "Zaporožje"
                    },
                    "Zurich": {
                        "exemplarCity": "Cirih"
                    }
                },
                "Africa": {
                    "Abidjan": {
                        "exemplarCity": "Abidžan"
                    },
                    "Accra": {
                        "exemplarCity": "Akra"
                    },
                    "Addis_Ababa": {
                        "exemplarCity": "Adis Abeba"
                    },
                    "Algiers": {
                        "exemplarCity": "Alžir"
                    },
                    "Asmera": {
                        "exemplarCity": "Asmera"
                    },
                    "Banjul": {
                        "exemplarCity": "Banžul"
                    },
                    "Bissau": {
                        "exemplarCity": "Bisao"
                    },
                    "Blantyre": {
                        "exemplarCity": "Blantir"
                    },
                    "Brazzaville": {
                        "exemplarCity": "Brazavil"
                    },
                    "Bujumbura": {
                        "exemplarCity": "Budžumbura"
                    },
                    "Cairo": {
                        "exemplarCity": "Kairo"
                    },
                    "Casablanca": {
                        "exemplarCity": "Kazablanka"
                    },
                    "Ceuta": {
                        "exemplarCity": "Seuta"
                    },
                    "Conakry": {
                        "exemplarCity": "Konakri"
                    },
                    "Dar_es_Salaam": {
                        "exemplarCity": "Dar-es-Salam"
                    },
                    "Djibouti": {
                        "exemplarCity": "Džibuti"
                    },
                    "Douala": {
                        "exemplarCity": "Duala"
                    },
                    "El_Aaiun": {
                        "exemplarCity": "El Ajun"
                    },
                    "Freetown": {
                        "exemplarCity": "Fritaun"
                    },
                    "Gaborone": {
                        "exemplarCity": "Gaboron"
                    },
                    "Johannesburg": {
                        "exemplarCity": "Johanesburg"
                    },
                    "Khartoum": {
                        "exemplarCity": "Kartum"
                    },
                    "Kinshasa": {
                        "exemplarCity": "Kinšasa"
                    },
                    "Libreville": {
                        "exemplarCity": "Librevil"
                    },
                    "Lubumbashi": {
                        "exemplarCity": "Lumumbaši"
                    },
                    "Mogadishu": {
                        "exemplarCity": "Mogadiš"
                    },
                    "Monrovia": {
                        "exemplarCity": "Monrovija"
                    },
                    "Nairobi": {
                        "exemplarCity": "Najrobi"
                    },
                    "Ndjamena": {
                        "exemplarCity": "Ndžamena"
                    },
                    "Niamey": {
                        "exemplarCity": "Nijamej"
                    },
                    "Nouakchott": {
                        "exemplarCity": "Navakšut"
                    },
                    "Ouagadougou": {
                        "exemplarCity": "Uagadugu"
                    },
                    "Porto-Novo": {
                        "exemplarCity": "Porto Novo"
                    },
                    "Windhoek": {
                        "exemplarCity": "Vindhuk"
                    }
                },
                "Asia": {
                    "Almaty": {
                        "exemplarCity": "Almati (Kazahstan)"
                    },
                    "Amman": {
                        "exemplarCity": "Aman"
                    },
                    "Anadyr": {
                        "exemplarCity": "Anadir"
                    },
                    "Aqtau": {
                        "exemplarCity": "Aktau"
                    },
                    "Aqtobe": {
                        "exemplarCity": "Akutobe"
                    },
                    "Ashgabat": {
                        "exemplarCity": "Ašhabad"
                    },
                    "Baghdad": {
                        "exemplarCity": "Bagdad"
                    },
                    "Bahrain": {
                        "exemplarCity": "Bahrein"
                    },
                    "Bangkok": {
                        "exemplarCity": "Bankok"
                    },
                    "Beirut": {
                        "exemplarCity": "Bejrut"
                    },
                    "Bishkek": {
                        "exemplarCity": "Biškek"
                    },
                    "Brunei": {
                        "exemplarCity": "Bruneji"
                    },
                    "Choibalsan": {
                        "exemplarCity": "Čojbalsan"
                    },
                    "Chongqing": {
                        "exemplarCity": "Čongking (Kina)"
                    },
                    "Colombo": {
                        "exemplarCity": "Kolombo"
                    },
                    "Damascus": {
                        "exemplarCity": "Damask"
                    },
                    "Dhaka": {
                        "exemplarCity": "Daka"
                    },
                    "Dushanbe": {
                        "exemplarCity": "Dušanbe"
                    },
                    "Harbin": {
                        "exemplarCity": "Harbin (Kina)"
                    },
                    "Irkutsk": {
                        "exemplarCity": "Irkuck (Rusija)"
                    },
                    "Jakarta": {
                        "exemplarCity": "Džakarta"
                    },
                    "Jayapura": {
                        "exemplarCity": "Džajapura"
                    },
                    "Kamchatka": {
                        "exemplarCity": "Kamčatka"
                    },
                    "Karachi": {
                        "exemplarCity": "Karači"
                    },
                    "Kashgar": {
                        "exemplarCity": "Kašgar (Kina)"
                    },
                    "Katmandu": {
                        "exemplarCity": "Katmandu"
                    },
                    "Krasnoyarsk": {
                        "exemplarCity": "Krasnojarsk"
                    },
                    "Kuching": {
                        "exemplarCity": "Kučing"
                    },
                    "Kuwait": {
                        "exemplarCity": "Kuvajt"
                    },
                    "Macau": {
                        "exemplarCity": "Makau"
                    },
                    "Magadan": {
                        "exemplarCity": "Magadan (Rusija)"
                    },
                    "Makassar": {
                        "exemplarCity": "Makasar"
                    },
                    "Muscat": {
                        "exemplarCity": "Muskat"
                    },
                    "Nicosia": {
                        "exemplarCity": "Nikozija"
                    },
                    "Novosibirsk": {
                        "exemplarCity": "Novosibirsk (Rusija)"
                    },
                    "Omsk": {
                        "exemplarCity": "Omsk (Rusija)"
                    },
                    "Oral": {
                        "exemplarCity": "Oral (Kazakhstan)"
                    },
                    "Phnom_Penh": {
                        "exemplarCity": "Pnom Pen"
                    },
                    "Pyongyang": {
                        "exemplarCity": "Pjongjang"
                    },
                    "Qatar": {
                        "exemplarCity": "Katar"
                    },
                    "Qyzylorda": {
                        "exemplarCity": "Kizilorda"
                    },
                    "Rangoon": {
                        "exemplarCity": "Rangun"
                    },
                    "Riyadh": {
                        "exemplarCity": "Rijad"
                    },
                    "Sakhalin": {
                        "exemplarCity": "Sahalin (Rusija)"
                    },
                    "Samarkand": {
                        "exemplarCity": "Samarkand (Uzbekistan)"
                    },
                    "Seoul": {
                        "exemplarCity": "Seul"
                    },
                    "Shanghai": {
                        "exemplarCity": "Šangaj"
                    },
                    "Singapore": {
                        "exemplarCity": "Singapur"
                    },
                    "Taipei": {
                        "exemplarCity": "Tajpej"
                    },
                    "Tashkent": {
                        "exemplarCity": "Taškent"
                    },
                    "Tehran": {
                        "exemplarCity": "Teheran"
                    },
                    "Tokyo": {
                        "exemplarCity": "Tokio"
                    },
                    "Ulaanbaatar": {
                        "exemplarCity": "Ulan Bator"
                    },
                    "Urumqi": {
                        "exemplarCity": "Urumki"
                    },
                    "Vientiane": {
                        "exemplarCity": "Vijetijan"
                    },
                    "Vladivostok": {
                        "exemplarCity": "Vladivostok (Rusija)"
                    },
                    "Yakutsk": {
                        "exemplarCity": "Jakutsk (Rusija)"
                    },
                    "Yekaterinburg": {
                        "exemplarCity": "Jekatepinburg (Rusija)"
                    },
                    "Yerevan": {
                        "exemplarCity": "Jerevan"
                    }
                },
                "Indian": {
                    "Chagos": {
                        "exemplarCity": "Čagos"
                    },
                    "Christmas": {
                        "exemplarCity": "Božićno ostrvo"
                    },
                    "Cocos": {
                        "exemplarCity": "Kokosova ostrva"
                    },
                    "Comoro": {
                        "exemplarCity": "Komoro"
                    },
                    "Kerguelen": {
                        "exemplarCity": "Kergelen"
                    },
                    "Maldives": {
                        "exemplarCity": "Maldivi"
                    },
                    "Mauritius": {
                        "exemplarCity": "Mauricijus"
                    },
                    "Mayotte": {
                        "exemplarCity": "Majote"
                    },
                    "Reunion": {
                        "exemplarCity": "Ujedinjenje"
                    }
                },
                "Australia": {
                    "Adelaide": {
                        "exemplarCity": "Adelaida (Australija)"
                    },
                    "Brisbane": {
                        "exemplarCity": "Brizbejn (Australija)"
                    },
                    "Broken_Hill": {
                        "exemplarCity": "Broken Hil (Australija)"
                    },
                    "Currie": {
                        "exemplarCity": "Kurie (Australija)"
                    },
                    "Darwin": {
                        "exemplarCity": "Darvin (Australija)"
                    },
                    "Eucla": {
                        "exemplarCity": "Iukla (Australija)"
                    },
                    "Hobart": {
                        "exemplarCity": "Horbat (Australija)"
                    },
                    "Lord_Howe": {
                        "exemplarCity": "Lord Hov"
                    },
                    "Melbourne": {
                        "exemplarCity": "Melburn (Australija)"
                    },
                    "Perth": {
                        "exemplarCity": "Pert (Australija)"
                    },
                    "Sydney": {
                        "exemplarCity": "Sidnej (Australija)"
                    }
                },
                "Pacific": {
                    "Apia": {
                        "exemplarCity": "Apija"
                    },
                    "Auckland": {
                        "exemplarCity": "Okland"
                    },
                    "Chatham": {
                        "exemplarCity": "Katham (Novi Zeland)"
                    },
                    "Easter": {
                        "exemplarCity": "Uskršnje ostrvo"
                    },
                    "Enderbury": {
                        "exemplarCity": "Enderberi"
                    },
                    "Fiji": {
                        "exemplarCity": "Fidži"
                    },
                    "Funafuti": {
                        "exemplarCity": "Fanafuti"
                    },
                    "Gambier": {
                        "exemplarCity": "Gambije"
                    },
                    "Guadalcanal": {
                        "exemplarCity": "Gvadalkanal"
                    },
                    "Honolulu": {
                        "exemplarCity": "Honolulu (SAD)"
                    },
                    "Johnston": {
                        "exemplarCity": "Džonston"
                    },
                    "Kosrae": {
                        "exemplarCity": "Košre"
                    },
                    "Kwajalein": {
                        "exemplarCity": "Kvadžalejin"
                    },
                    "Marquesas": {
                        "exemplarCity": "Markiz"
                    },
                    "Midway": {
                        "exemplarCity": "Midvej"
                    },
                    "Noumea": {
                        "exemplarCity": "Numea"
                    },
                    "Pitcairn": {
                        "exemplarCity": "Pitkairn"
                    },
                    "Ponape": {
                        "exemplarCity": "Ponape"
                    },
                    "Port_Moresby": {
                        "exemplarCity": "Port Morzbi"
                    },
                    "Saipan": {
                        "exemplarCity": "Sajpan"
                    },
                    "Tarawa": {
                        "exemplarCity": "Tarava"
                    },
                    "Truk": {
                        "exemplarCity": "Truk"
                    },
                    "Wake": {
                        "exemplarCity": "Vake"
                    },
                    "Wallis": {
                        "exemplarCity": "Valis"
                    }
                },
                "Antarctica": {
                    "Casey": {
                        "exemplarCity": "Kasej"
                    },
                    "Davis": {
                        "exemplarCity": "Dejvis"
                    },
                    "DumontDUrville": {
                        "exemplarCity": "Dimon d’Urvil"
                    },
                    "Mawson": {
                        "exemplarCity": "Moson"
                    },
                    "McMurdo": {
                        "exemplarCity": "MakMurdo"
                    },
                    "Rothera": {
                        "exemplarCity": "Rotera"
                    },
                    "South_Pole": {
                        "exemplarCity": "Južni pol"
                    },
                    "Syowa": {
                        "exemplarCity": "Šova"
                    }
                },
                "Etc": {
                    "Unknown": {
                        "exemplarCity": "Nepoznati ili nevažeći grad"
                    }
                }
            },
            "metazone": {
                "Acre": {
                    "long": {
                        "generic": "Acre vreme",
                        "standard": "Acre standardno vreme",
                        "daylight": "Acre letnje računanje vremena"
                    }
                },
                "Afghanistan": {
                    "long": {
                        "standard": "Avganistan vreme"
                    }
                },
                "Africa_Central": {
                    "long": {
                        "standard": "Centralna Afrika vreme"
                    }
                },
                "Africa_Eastern": {
                    "long": {
                        "standard": "Istočna Afrika vreme"
                    }
                },
                "Africa_Southern": {
                    "long": {
                        "standard": "Južna Afrika standardno vreme"
                    }
                },
                "Africa_Western": {
                    "long": {
                        "generic": "Zapadna Afrika vreme",
                        "standard": "Zapadna Afrika standardno vreme",
                        "daylight": "Zapadna Afrika letnje računanje vremena"
                    }
                },
                "Alaska": {
                    "long": {
                        "generic": "Aljaska vreme",
                        "standard": "Aljaska standardno vreme",
                        "daylight": "Aljaska letnje računanje vremena"
                    }
                },
                "Almaty": {
                    "long": {
                        "generic": "Almatu vreme",
                        "standard": "Almatu standardno vreme",
                        "daylight": "Almatu letnje računanje vremena"
                    }
                },
                "Amazon": {
                    "long": {
                        "generic": "Amazon vreme",
                        "standard": "Amazon standardno vreme",
                        "daylight": "Amazon letnje računanje vremena"
                    }
                },
                "America_Central": {
                    "long": {
                        "generic": "Centralno vreme (SAD)",
                        "standard": "Centralno standardno vreme (SAD)",
                        "daylight": "Centralno letnje merenje vremena (SAD)"
                    }
                },
                "America_Eastern": {
                    "long": {
                        "generic": "Istočno vreme (SAD)",
                        "standard": "Istočno standardno vreme (SAD)",
                        "daylight": "Istočno letnje računanje vremena (SAD)"
                    }
                },
                "America_Mountain": {
                    "long": {
                        "generic": "Planinsko vreme (SAD)",
                        "standard": "Planinsko standardno vreme (SAD)",
                        "daylight": "Planinsko letnje računanje vremena (SAD)"
                    }
                },
                "America_Pacific": {
                    "long": {
                        "generic": "Pacifičko vreme (SAD)",
                        "standard": "Pacifičko standardno vreme (SAD)",
                        "daylight": "Pacifičko letnje računanje vremena (SAD)"
                    }
                },
                "Anadyr": {
                    "long": {
                        "generic": "Anadir vreme",
                        "standard": "Anadir standardno vreme",
                        "daylight": "Anadir letnje računanje vremena"
                    }
                },
                "Aqtau": {
                    "long": {
                        "generic": "Akvtau vreme",
                        "standard": "Akvtau standardno vreme",
                        "daylight": "Akvtau letnje računanje vremena"
                    }
                },
                "Aqtobe": {
                    "long": {
                        "generic": "Akvtobe vreme",
                        "standard": "Akvtobe standardno vreme",
                        "daylight": "Akvtobe letnje računanje vremena"
                    }
                },
                "Arabian": {
                    "long": {
                        "generic": "Arabijsko vreme",
                        "standard": "Arabijsko standardno vreme",
                        "daylight": "Arapsko letnje računanje vremena"
                    }
                },
                "Argentina": {
                    "long": {
                        "generic": "Argentina vreme",
                        "standard": "Argentina standardno vreme",
                        "daylight": "Argentina letnje računanje vremena"
                    }
                },
                "Argentina_Western": {
                    "long": {
                        "generic": "Zapadna Argentina vreme",
                        "standard": "Zapadna Argentina standardno vreme",
                        "daylight": "Zapadna Argentina letnje računanje vremena"
                    }
                },
                "Armenia": {
                    "long": {
                        "generic": "Armenija vreme",
                        "standard": "Armenija standardno vreme",
                        "daylight": "Armenija letnje računanje vremena"
                    }
                },
                "Atlantic": {
                    "long": {
                        "generic": "Atlantsko vreme",
                        "standard": "Atlantsko standardno vreme",
                        "daylight": "Atlantsko letnje računanje vremena"
                    }
                },
                "Australia_Central": {
                    "long": {
                        "generic": "Centralno australijsko vreme",
                        "standard": "Centralno australijsko standardno vreme",
                        "daylight": "Centralno australijsko letnje računanje vremena"
                    }
                },
                "Australia_CentralWestern": {
                    "long": {
                        "generic": "Australijsko centralno zapadno vreme",
                        "standard": "Australijsko centralno zapadno standardno vreme",
                        "daylight": "Australijsko centralno zapadno letnje računanje vremena"
                    }
                },
                "Australia_Eastern": {
                    "long": {
                        "generic": "Australijsko istočno vreme",
                        "standard": "Australijsko istočno standardno vreme",
                        "daylight": "Australijsko istočno letnje računanje vremena"
                    }
                },
                "Australia_Western": {
                    "long": {
                        "generic": "Australijsko zapadno vreme",
                        "standard": "Australijsko zapadno standardno vreme",
                        "daylight": "Australijsko zapadno letnje računanje vremena"
                    }
                },
                "Azerbaijan": {
                    "long": {
                        "generic": "Azerbejdžan vreme",
                        "standard": "Azerbejdžan standardno vreme",
                        "daylight": "Azerbejdžan letnje računanje vremena"
                    }
                },
                "Azores": {
                    "long": {
                        "generic": "Azori vreme",
                        "standard": "Azori standardno vreme",
                        "daylight": "Azori letnje računanje vremena"
                    }
                },
                "Bangladesh": {
                    "long": {
                        "generic": "Bangladeš vreme",
                        "standard": "Bangladeš standardno vreme",
                        "daylight": "Bangladeš letnje računanje vremena"
                    }
                },
                "Bhutan": {
                    "long": {
                        "standard": "Butan vreme"
                    }
                },
                "Bolivia": {
                    "long": {
                        "standard": "Bolivija vreme"
                    }
                },
                "Brasilia": {
                    "long": {
                        "generic": "Brazilija vreme",
                        "standard": "Brazilija standardno vreme",
                        "daylight": "Brazilija letnje računanje vremena"
                    }
                },
                "Brunei": {
                    "long": {
                        "standard": "Brunei Darusalam vreme"
                    }
                },
                "Cape_Verde": {
                    "long": {
                        "generic": "Zelenortska ostrva vreme",
                        "standard": "Zelenortska ostrva standardno vreme",
                        "daylight": "Zelenortska ostrva letnje računanje vermena"
                    }
                },
                "Chamorro": {
                    "long": {
                        "standard": "Čamoro standardno vreme"
                    }
                },
                "Chatham": {
                    "long": {
                        "generic": "Čatam vreme",
                        "standard": "Čatam standardno vreme",
                        "daylight": "Čatam letnje računanje vremena"
                    }
                },
                "Chile": {
                    "long": {
                        "generic": "Čile vreme",
                        "standard": "Čile standardno vreme",
                        "daylight": "Čile letnje računanje vremena"
                    }
                },
                "China": {
                    "long": {
                        "generic": "Kina vreme",
                        "standard": "Kinesko standardno vreme",
                        "daylight": "Kina letnje računanje vremena"
                    }
                },
                "Choibalsan": {
                    "long": {
                        "generic": "Čojbalsan vreme",
                        "standard": "Čojbalsan standardno vreme",
                        "daylight": "Čojbalsan letnje računanje vremena"
                    }
                },
                "Christmas": {
                    "long": {
                        "standard": "Božićna Ostrva vreme"
                    }
                },
                "Cocos": {
                    "long": {
                        "standard": "Kokos (Keling) Ostrva vreme"
                    }
                },
                "Colombia": {
                    "long": {
                        "generic": "Kolumbija vreme",
                        "standard": "Kolumbija standardno vreme",
                        "daylight": "Kolumbija letnje računanje vremena"
                    }
                },
                "Cook": {
                    "long": {
                        "generic": "Kukova ostrva vreme",
                        "standard": "Kukova ostrva standardno vreme",
                        "daylight": "Kukova ostrva, polu-letnje računanje vremena"
                    }
                },
                "Cuba": {
                    "long": {
                        "generic": "Kuba vreme",
                        "standard": "Kuba standardno vreme",
                        "daylight": "Kuba letnje računanje vremena"
                    }
                },
                "Davis": {
                    "long": {
                        "standard": "Dejvis vreme"
                    }
                },
                "DumontDUrville": {
                    "long": {
                        "standard": "Dimon d’Urvil vreme"
                    }
                },
                "East_Timor": {
                    "long": {
                        "standard": "Istočni Timor vreme"
                    }
                },
                "Easter": {
                    "long": {
                        "generic": "Uskršnja ostrva vreme",
                        "standard": "Uskršnja ostrva standardno vreme",
                        "daylight": "Uskršnja ostrva letnje računanje vremena"
                    }
                },
                "Ecuador": {
                    "long": {
                        "standard": "Ekvador vreme"
                    }
                },
                "Europe_Central": {
                    "long": {
                        "generic": "Centralnoevropsko vreme",
                        "standard": "Centralnoevropsko standardno vreme",
                        "daylight": "Centralnoevropsko letnje računanje vremena"
                    }
                },
                "Europe_Eastern": {
                    "long": {
                        "generic": "Istočnoevropsko vreme",
                        "standard": "Istočnoevropsko standardno vreme",
                        "daylight": "Istočnoevropsko letnje računanje vemena"
                    }
                },
                "Europe_Western": {
                    "long": {
                        "generic": "Zapadna evropsko vreme",
                        "standard": "Zapadna evropsko standardno vreme",
                        "daylight": "Zapadno evropsko letnje računanje vremena"
                    }
                },
                "Falkland": {
                    "long": {
                        "generic": "Folklandska ostrva vreme",
                        "standard": "Folklandska ostrva standardno vreme",
                        "daylight": "Folklandska ostrva letnje računanje vremena"
                    }
                },
                "Fiji": {
                    "long": {
                        "generic": "Fidži vreme",
                        "standard": "Fidži standardno vreme",
                        "daylight": "Fidži letnje računanje vremena"
                    }
                },
                "French_Guiana": {
                    "long": {
                        "standard": "Francuska Gvajana vreme"
                    }
                },
                "French_Southern": {
                    "long": {
                        "standard": "Francuske Južne Teritorije vreme"
                    }
                },
                "Galapagos": {
                    "long": {
                        "standard": "Galapagos vreme"
                    }
                },
                "Gambier": {
                    "long": {
                        "standard": "Gambijer vreme"
                    }
                },
                "Georgia": {
                    "long": {
                        "generic": "Gruzija vreme",
                        "standard": "Gruzija standardno vreme",
                        "daylight": "Gruzija letnje računanje vremena"
                    }
                },
                "Gilbert_Islands": {
                    "long": {
                        "standard": "Gilbert ostrva vreme"
                    }
                },
                "GMT": {
                    "long": {
                        "standard": "Grinvič vreme"
                    }
                },
                "Greenland_Eastern": {
                    "long": {
                        "generic": "Istočni Grenland vreme",
                        "standard": "Istočni Grenland standardno vreme",
                        "daylight": "Istočni Grenland letnje računanje vremena"
                    }
                },
                "Greenland_Western": {
                    "long": {
                        "generic": "Zapadni Grenland vreme",
                        "standard": "Zapadni Grenland standardno vreme",
                        "daylight": "Zapadni Grenland letnje računanje vremena"
                    }
                },
                "Guam": {
                    "long": {
                        "standard": "Guam standardno vreme"
                    }
                },
                "Gulf": {
                    "long": {
                        "standard": "Zaliv standardno vreme"
                    }
                },
                "Guyana": {
                    "long": {
                        "standard": "Gvajana vreme"
                    }
                },
                "Hawaii_Aleutian": {
                    "long": {
                        "generic": "Havaǰsko-aleućansko vreme",
                        "standard": "Havaǰsko-aleućansko standardno vreme",
                        "daylight": "Havaǰsko-aleućansko letnje računanje vremena"
                    }
                },
                "Hong_Kong": {
                    "long": {
                        "generic": "Hong Kong vreme",
                        "standard": "Hong Kong standardno vreme",
                        "daylight": "Hong Kong letnje računanje vremena"
                    }
                },
                "Hovd": {
                    "long": {
                        "generic": "Hovd vreme",
                        "standard": "Hovd standardno vreme",
                        "daylight": "Hovd letnje računanje vremena"
                    }
                },
                "India": {
                    "long": {
                        "standard": "Indijsko standardno vreme"
                    }
                },
                "Indian_Ocean": {
                    "long": {
                        "standard": "Indijski okean vreme"
                    }
                },
                "Indochina": {
                    "long": {
                        "standard": "Indokina vreme"
                    }
                },
                "Indonesia_Central": {
                    "long": {
                        "standard": "Centralno indonezijsko vreme"
                    }
                },
                "Indonesia_Eastern": {
                    "long": {
                        "standard": "Istočno indonezijsko vreme"
                    }
                },
                "Indonesia_Western": {
                    "long": {
                        "standard": "Zapadno indonezijsko vreme"
                    }
                },
                "Iran": {
                    "long": {
                        "generic": "Iran vreme",
                        "standard": "Iran standardno vreme",
                        "daylight": "Iran letnje računanje vremena"
                    }
                },
                "Irkutsk": {
                    "long": {
                        "generic": "Irkuck vreme",
                        "standard": "Irkuck standardno vreme",
                        "daylight": "Irkuck letnje računanje vremena"
                    }
                },
                "Israel": {
                    "long": {
                        "generic": "Izraelsko vreme",
                        "standard": "Izraelsko standardno vreme",
                        "daylight": "Izraelsko letnje računanje vremena"
                    }
                },
                "Japan": {
                    "long": {
                        "generic": "Japansko vreme",
                        "standard": "Japansko standardno vreme",
                        "daylight": "Japan letnje računanje vremena"
                    }
                },
                "Kamchatka": {
                    "long": {
                        "generic": "Petropavlovsk-Kamčatski vreme",
                        "standard": "Petropavlovsk-Kamčatski standardno vreme",
                        "daylight": "Petropavlovsk-Kamčatski letnje računanje vremena"
                    }
                },
                "Kazakhstan_Eastern": {
                    "long": {
                        "standard": "Istočni Kazahstan vreme"
                    }
                },
                "Kazakhstan_Western": {
                    "long": {
                        "standard": "Zapadni Kazahstan vreme"
                    }
                },
                "Korea": {
                    "long": {
                        "generic": "Koreja vreme",
                        "standard": "Korejsko standardno vreme",
                        "daylight": "Korejsko letnje računanje vremena"
                    }
                },
                "Kosrae": {
                    "long": {
                        "standard": "Košre vreme"
                    }
                },
                "Krasnoyarsk": {
                    "long": {
                        "generic": "Krasnojarsk vreme",
                        "standard": "Krasnojarsk standardno vreme",
                        "daylight": "Krasnojarsk letnje računanje vremena"
                    }
                },
                "Kyrgystan": {
                    "long": {
                        "standard": "Kirgizstan vreme"
                    }
                },
                "Lanka": {
                    "long": {
                        "standard": "Lanka vreme"
                    }
                },
                "Line_Islands": {
                    "long": {
                        "standard": "Lajn ostrva vreme"
                    }
                },
                "Lord_Howe": {
                    "long": {
                        "generic": "Lord Hov vreme",
                        "standard": "Lord Hov standardno vreme",
                        "daylight": "Lord Hov letnje računanje vremena"
                    }
                },
                "Macau": {
                    "long": {
                        "generic": "Makao vreme",
                        "standard": "Makao standardno vreme",
                        "daylight": "Makao letnje računanje vremena"
                    }
                },
                "Magadan": {
                    "long": {
                        "generic": "Magadan vreme",
                        "standard": "Magadan standardno vreme",
                        "daylight": "Magadan letnje računanje vremena"
                    }
                },
                "Malaysia": {
                    "long": {
                        "standard": "Malezija vreme"
                    }
                },
                "Maldives": {
                    "long": {
                        "standard": "Maldivi vreme"
                    }
                },
                "Marquesas": {
                    "long": {
                        "standard": "Markiz vreme"
                    }
                },
                "Marshall_Islands": {
                    "long": {
                        "standard": "Maršalska Ostrva vreme"
                    }
                },
                "Mauritius": {
                    "long": {
                        "generic": "Mauricijus vreme",
                        "standard": "Mauricijus standardno vreme",
                        "daylight": "Mauricijus letnje računanje vremena"
                    }
                },
                "Mawson": {
                    "long": {
                        "standard": "Moson vreme"
                    }
                },
                "Mongolia": {
                    "long": {
                        "generic": "Ulan Bator vreme",
                        "standard": "Ulan Bator standardno vreme",
                        "daylight": "Ulan Bator letnje računanje vremena"
                    }
                },
                "Moscow": {
                    "long": {
                        "generic": "Moskva vreme",
                        "standard": "Moskva standardno vreme",
                        "daylight": "Moskva letnje računanje vremena"
                    }
                },
                "Myanmar": {
                    "long": {
                        "standard": "Mijanmar vreme"
                    }
                },
                "Nauru": {
                    "long": {
                        "standard": "Nauru vreme"
                    }
                },
                "Nepal": {
                    "long": {
                        "standard": "Nepal vreme"
                    }
                },
                "New_Caledonia": {
                    "long": {
                        "generic": "Nova Kaledonija vreme",
                        "standard": "Nova Kaledonija standardno vreme",
                        "daylight": "Nova Kaledonija letnje računanje vremena"
                    }
                },
                "New_Zealand": {
                    "long": {
                        "generic": "Novi Zeland vreme",
                        "standard": "Novi Zeland standardno vreme",
                        "daylight": "Novi Zeland letnje računanje vremena"
                    }
                },
                "Newfoundland": {
                    "long": {
                        "generic": "Njufaundlend vreme",
                        "standard": "Njufaundlend standardno vreme",
                        "daylight": "Njufaundlend letnje računanje vremena"
                    }
                },
                "Niue": {
                    "long": {
                        "standard": "Niue vreme"
                    }
                },
                "Norfolk": {
                    "long": {
                        "standard": "Norfolk Ostrvo vreme"
                    }
                },
                "Noronha": {
                    "long": {
                        "generic": "Fernando de Noronja vreme",
                        "standard": "Fernando de Noronja standardno vreme",
                        "daylight": "Fernando de Noronja letnje računanje vremena"
                    }
                },
                "North_Mariana": {
                    "long": {
                        "standard": "Severna Marijanska Ostrva vreme"
                    }
                },
                "Novosibirsk": {
                    "long": {
                        "generic": "Novosibirsk vreme",
                        "standard": "Novosibirsk standardno vreme",
                        "daylight": "Novosibirsk letnje računanje vremena"
                    }
                },
                "Omsk": {
                    "long": {
                        "generic": "Omsk vreme",
                        "standard": "Omsk standardno vreme",
                        "daylight": "Omsk letnje računanje vremena"
                    }
                },
                "Pakistan": {
                    "long": {
                        "generic": "Pakistan vreme",
                        "standard": "Pakistan standardno vreme",
                        "daylight": "Pakistan letnje računanje vremena"
                    }
                },
                "Palau": {
                    "long": {
                        "standard": "Palau vreme"
                    }
                },
                "Papua_New_Guinea": {
                    "long": {
                        "standard": "Papua Nova Gvineja vreme"
                    }
                },
                "Paraguay": {
                    "long": {
                        "generic": "Paragvaj vreme",
                        "standard": "Paragvaj standardno vreme",
                        "daylight": "Paragvaj letnje računanje vremena"
                    }
                },
                "Peru": {
                    "long": {
                        "generic": "Peru vreme",
                        "standard": "Peru standardno vreme",
                        "daylight": "Peru letnje računanje vremena"
                    }
                },
                "Philippines": {
                    "long": {
                        "generic": "Filipini vreme",
                        "standard": "Filipini standardno vreme",
                        "daylight": "Filipini letnje računanje vremena"
                    }
                },
                "Phoenix_Islands": {
                    "long": {
                        "standard": "Fenička ostrva vreme"
                    }
                },
                "Pierre_Miquelon": {
                    "long": {
                        "generic": "Sen Pjer i Mikelon vreme",
                        "standard": "Sen Pjer i Mikelon standardno vreme",
                        "daylight": "Sen Pjer i Mikelon letnje računanje vremena"
                    }
                },
                "Pitcairn": {
                    "long": {
                        "standard": "Pitkairn vreme"
                    }
                },
                "Ponape": {
                    "long": {
                        "standard": "Ponape vreme"
                    }
                },
                "Qyzylorda": {
                    "long": {
                        "generic": "Kizilorda vreme",
                        "standard": "Kizilorda standardno vreme",
                        "daylight": "Kizilorda letnje računanje vremena"
                    }
                },
                "Reunion": {
                    "long": {
                        "standard": "Rejunion vreme"
                    }
                },
                "Rothera": {
                    "long": {
                        "standard": "Roter vreme"
                    }
                },
                "Sakhalin": {
                    "long": {
                        "generic": "Sahalin vreme",
                        "standard": "Sahalin standardno vreme",
                        "daylight": "Sahalin letnje računanje vremena"
                    }
                },
                "Samara": {
                    "long": {
                        "generic": "Samara vreme",
                        "standard": "Samara standardno vreme",
                        "daylight": "Samara letnje računanje vremena"
                    }
                },
                "Samoa": {
                    "long": {
                        "generic": "Samoa vreme",
                        "standard": "Samoa standardno vreme",
                        "daylight": "Samoa letnje računanje vremena"
                    }
                },
                "Seychelles": {
                    "long": {
                        "standard": "Sejšeli vreme"
                    }
                },
                "Singapore": {
                    "long": {
                        "standard": "Singapur standardno vreme"
                    }
                },
                "Solomon": {
                    "long": {
                        "standard": "Solomonska Ostrva vreme"
                    }
                },
                "South_Georgia": {
                    "long": {
                        "standard": "Južna Džordžija vreme"
                    }
                },
                "Suriname": {
                    "long": {
                        "standard": "Surinam vreme"
                    }
                },
                "Syowa": {
                    "long": {
                        "standard": "Šova vreme"
                    }
                },
                "Tahiti": {
                    "long": {
                        "standard": "Tahiti vreme"
                    }
                },
                "Taipei": {
                    "long": {
                        "generic": "Teipei veme",
                        "standard": "Taipei standardno vreme",
                        "daylight": "Taipei letnje računanje vremena"
                    }
                },
                "Tajikistan": {
                    "long": {
                        "standard": "Tadžikistan vreme"
                    }
                },
                "Tokelau": {
                    "long": {
                        "standard": "Tokelo vreme"
                    }
                },
                "Tonga": {
                    "long": {
                        "generic": "Tonga vreme",
                        "standard": "Tonga standardno vreme",
                        "daylight": "Tonga letnje računanje vremena"
                    }
                },
                "Truk": {
                    "long": {
                        "standard": "Truk vreme"
                    }
                },
                "Turkmenistan": {
                    "long": {
                        "generic": "Turkmenistan vreme",
                        "standard": "Turkmenistan standardno vreme",
                        "daylight": "Turkmenistan letnje računanje vremena"
                    }
                },
                "Tuvalu": {
                    "long": {
                        "standard": "Tuvalu vreme"
                    }
                },
                "Uruguay": {
                    "long": {
                        "generic": "Urugvaj vreme",
                        "standard": "Urugvaj standardno vreme",
                        "daylight": "Urugvaj letnje računanje vremena"
                    }
                },
                "Uzbekistan": {
                    "long": {
                        "generic": "Uzbekistan vreme",
                        "standard": "Uzbekistan standardno vreme",
                        "daylight": "Uzbekistan letnje računanje vremena"
                    }
                },
                "Vanuatu": {
                    "long": {
                        "generic": "Vanuatu vreme",
                        "standard": "Vanuatu standardno vreme",
                        "daylight": "Vanuatu letnje računanje vremena"
                    }
                },
                "Venezuela": {
                    "long": {
                        "standard": "Venecuela vreme"
                    }
                },
                "Vladivostok": {
                    "long": {
                        "generic": "Vladivostok vreme",
                        "standard": "Vladivostok standardno vreme",
                        "daylight": "Vladivostok letnje računanje vremena"
                    }
                },
                "Volgograd": {
                    "long": {
                        "generic": "Volgograd vreme",
                        "standard": "Volgograd standardno vreme",
                        "daylight": "Volgograd Letnje računanje vremena"
                    }
                },
                "Vostok": {
                    "long": {
                        "standard": "Vostok vreme"
                    }
                },
                "Wake": {
                    "long": {
                        "standard": "Vejk vreme"
                    }
                },
                "Wallis": {
                    "long": {
                        "standard": "Valis i Futuna Ostrva vreme"
                    }
                },
                "Yakutsk": {
                    "long": {
                        "generic": "Jakutsk vreme",
                        "standard": "Jakutsk standardno vreme",
                        "daylight": "Jakutsk letnje računanje vremena"
                    }
                },
                "Yekaterinburg": {
                    "long": {
                        "generic": "Jekaterinburg vreme",
                        "standard": "Jekaterinburg standardno vreme",
                        "daylight": "Jekaterinburg letnje računanje vremena"
                    }
                }
            }
        }
    },
    "numbers": {
        "currencies": {
            "BAM": {
                "symbol": "KM"
            },
            "CZK": {
                "symbol": "Kč"
            },
            "PLN": {
                "symbol": "zl"
            },
            "RSD": {
                "symbol": "din."
            }
        }
    }
}